"Category","Year","Month_Name","Month","total_month_order_value","total_month_order_count"
"Appliances",2020,"March",3,426971.6546,10165
"Books",2020,"March",3,10.7950,1
"Clothing",2020,"March",3,10035.0596,210
"Furniture",2020,"March",3,23006.5196,413
"Gaming",2020,"March",3,256840.6792,4417
"Appliances",2020,"April",4,305759.9716,7235
"Books",2020,"April",4,5807.6135,100
"Clothing",2020,"April",4,6422.0065,143
"Furniture",2020,"April",4,14602.5055,329
"Gaming",2020,"April",4,195081.6109,3555
"Appliances",2020,"May",5,294483.1598,7058
"Books",2020,"May",5,34462.5834,819
"Clothing",2020,"May",5,6806.5249,147
"Furniture",2020,"May",5,19560.4123,417
"Gaming",2020,"May",5,195728.0579,3532
