"Status","Year","Month_Name","Month","total_month_order_value","total_month_order_count"
"APPROVED",2020,"March",3,"2003.5975","52"
"CANCELLED",2020,"March",3,"117436.3662","2499"
"DECLINED",2020,"March",3,"597424.7443","12655"
"APPROVED",2020,"April",4,"693.0542","15"
"CANCELLED",2020,"April",4,"79447.0013","1892"
"DECLINED",2020,"April",4,"447533.6525","9455"
"APPROVED",2020,"May",5,"1822.5937","38"
"CANCELLED",2020,"May",5,"64130.1875","1581"
"DECLINED",2020,"May",5,"485087.9571","10354"
